seed,best_fitness,worst_fitness,average_fitness,median_fitness,std_dev_fitness
28,0.20916666666666667,0.20916666666666667,0.2091666666666667,0.20916666666666667,0
