seed,best_fitness,worst_fitness,average_fitness,median_fitness,std_dev_fitness
1,0.20416666666666666,0.20416666666666666,0.20416666666666666,0.20416666666666666,0
