seed,best_fitness,worst_fitness,average_fitness,median_fitness,std_dev_fitness
19,0.18166666666666667,0.18166666666666667,0.18166666666666667,0.18166666666666667,0
