seed,best_fitness,worst_fitness,average_fitness,median_fitness,std_dev_fitness
4,0.17583333333333334,0.17583333333333334,0.17583333333333337,0.17583333333333334,0
