seed,best_fitness,worst_fitness,average_fitness,median_fitness,std_dev_fitness
8,0.17666666666666667,0.17666666666666667,0.17666666666666667,0.17666666666666667,0
