seed,best_fitness,worst_fitness,average_fitness,median_fitness,std_dev_fitness
17,0.19333333333333333,0.19333333333333333,0.19333333333333333,0.19333333333333333,0
