seed,best_fitness,worst_fitness,average_fitness,median_fitness,std_dev_fitness
7,0.19666666666666666,0.19666666666666666,0.19666666666666666,0.19666666666666666,0
