seed,best_fitness,worst_fitness,average_fitness,median_fitness,std_dev_fitness
22,0.18333333333333332,0.18333333333333332,0.18333333333333332,0.18333333333333332,0
