seed,best_fitness,worst_fitness,average_fitness,median_fitness,std_dev_fitness
26,0.18916666666666668,0.18916666666666668,0.18916666666666668,0.18916666666666668,0
