seed,best_fitness,worst_fitness,average_fitness,median_fitness,std_dev_fitness
2,0.17916666666666667,0.17916666666666667,0.17916666666666667,0.17916666666666667,0
