seed,best_fitness,worst_fitness,average_fitness,median_fitness,std_dev_fitness
29,0.18666666666666668,0.18666666666666668,0.18666666666666668,0.18666666666666668,0
