seed,best_fitness,worst_fitness,average_fitness,median_fitness,std_dev_fitness
15,0.16666666666666666,0.16666666666666666,0.16666666666666666,0.16666666666666666,0
