seed,best_fitness,worst_fitness,average_fitness,median_fitness,std_dev_fitness
14,0.16916666666666666,0.16916666666666666,0.16916666666666666,0.16916666666666666,0
