seed,best_fitness,worst_fitness,average_fitness,median_fitness,std_dev_fitness
20,0.16833333333333333,0.16833333333333333,0.16833333333333333,0.16833333333333333,0
