seed,best_fitness,worst_fitness,average_fitness,median_fitness,std_dev_fitness
16,0.19166666666666668,0.19166666666666668,0.19166666666666668,0.19166666666666668,0
