seed,best_fitness,worst_fitness,average_fitness,median_fitness,std_dev_fitness
25,0.20583333333333334,0.20583333333333334,0.20583333333333334,0.20583333333333334,0
