seed,best_fitness,worst_fitness,average_fitness,median_fitness,std_dev_fitness
18,0.18416666666666667,0.18416666666666667,0.1841666666666667,0.18416666666666667,0
