seed,best_fitness,worst_fitness,average_fitness,median_fitness,std_dev_fitness
3,0.18833333333333332,0.18833333333333332,0.18833333333333332,0.18833333333333332,0
