seed;best_fitness;worst_fitness;average_fitness;median_fitness;std_dev_fitness
4;0.42333333333333334;0.5383333333333333;0.4796468926553673;0.48;0.020723
