seed;best_fitness;worst_fitness;average_fitness;median_fitness;std_dev_fitness
10;0.44083333333333335;0.54;0.4938841807909605;0.49166666666666664;0.021671
