seed;best_fitness;worst_fitness;average_fitness;median_fitness;std_dev_fitness
27;0.4583333333333333;0.5341666666666667;0.49093220338983046;0.49083333333333334;0.018706
