seed;best_fitness;worst_fitness;average_fitness;median_fitness;std_dev_fitness
31;0.415;0.5233333333333333;0.4780084745762712;0.47833333333333333;0.023113
