seed;best_fitness;worst_fitness;average_fitness;median_fitness;std_dev_fitness
30;0.46;0.5291666666666667;0.49370056497175124;0.49083333333333334;0.019025
