seed;best_fitness;worst_fitness;average_fitness;median_fitness;std_dev_fitness
17;0.4083333333333333;0.5558333333333333;0.4936158192090395;0.4925;0.027542
