seed;best_fitness;worst_fitness;average_fitness;median_fitness;std_dev_fitness
25;0.46416666666666667;0.5775;0.5085028248587572;0.5091666666666667;0.020111
