seed;best_fitness;worst_fitness;average_fitness;median_fitness;std_dev_fitness
5;0.44;0.5683333333333334;0.49004237288135594;0.48833333333333334;0.023548
