seed;best_fitness;worst_fitness;average_fitness;median_fitness;std_dev_fitness
28;0.4425;0.5383333333333333;0.48415254237288136;0.48333333333333334;0.020361
