seed;best_fitness;worst_fitness;average_fitness;median_fitness;std_dev_fitness
20;0.45916666666666667;0.5633333333333334;0.5013983050847459;0.5008333333333334;0.022838
