seed;best_fitness;worst_fitness;average_fitness;median_fitness;std_dev_fitness
29;0.45666666666666667;0.55;0.49313559322033884;0.49333333333333335;0.019734
