seed;best_fitness;worst_fitness;average_fitness;median_fitness;std_dev_fitness
2;0.43916666666666665;0.54;0.49074858757062145;0.48833333333333334;0.02118
