seed;best_fitness;worst_fitness;average_fitness;median_fitness;std_dev_fitness
13;0.43166666666666664;0.5383333333333333;0.49163841807909603;0.495;0.024837
