seed;best_fitness;worst_fitness;average_fitness;median_fitness;std_dev_fitness
11;0.455;0.5516666666666666;0.5038418079096045;0.5016666666666667;0.022203
