seed;best_fitness;worst_fitness;average_fitness;median_fitness;std_dev_fitness
3;0.455;0.5358333333333334;0.49187853107344615;0.49166666666666664;0.019029
