seed;best_fitness;worst_fitness;average_fitness;median_fitness;std_dev_fitness
22;0.45666666666666667;0.5425;0.4967937853107344;0.49833333333333335;0.02116
