seed;best_fitness;worst_fitness;average_fitness;median_fitness;std_dev_fitness
1;0.44416666666666665;0.5483333333333333;0.49077683615819206;0.4891666666666667;0.019348
