seed;best_fitness;worst_fitness;average_fitness;median_fitness;std_dev_fitness
7;0.4475;0.5616666666666666;0.4968644067796611;0.49333333333333335;0.02544
