seed;best_fitness;worst_fitness;average_fitness;median_fitness;std_dev_fitness
8;0.42833333333333334;0.5491666666666667;0.47822033898305083;0.48;0.023466
