seed;best_fitness;worst_fitness;average_fitness;median_fitness;std_dev_fitness
16;0.4241666666666667;0.5183333333333333;0.48632768361581913;0.4891666666666667;0.021581
