seed;best_fitness;worst_fitness;average_fitness;median_fitness;std_dev_fitness
24;0.43666666666666665;0.5491666666666667;0.4867937853107344;0.4891666666666667;0.020206
