seed;best_fitness;worst_fitness;average_fitness;median_fitness;std_dev_fitness
26;0.4266666666666667;0.5416666666666666;0.4900988700564973;0.49;0.023865
