seed;best_fitness;worst_fitness;average_fitness;median_fitness;std_dev_fitness
23;0.44166666666666665;0.5408333333333334;0.4937005649717513;0.49583333333333335;0.021362
